seed,dim,transform,metric,ground_truth,r10,r100,rerank_r10
99,128,truncate,ip,ip,0.296,0.77,0.77
99,128,truncate,ip,cosine,0.232,0.664,nan
99,128,truncate,cosine,ip,0.58,0.97,0.97
99,128,truncate,cosine,cosine,0.626,0.985,nan
99,128,center+truncate,ip,ip,0.393,0.898,0.898
99,128,center+truncate,ip,cosine,0.35,0.843,nan
99,128,center+truncate,cosine,ip,0.563,0.957,0.957
99,128,center+truncate,cosine,cosine,0.575,0.941,nan
99,192,truncate,ip,ip,0.33,0.819,0.819
99,192,truncate,ip,cosine,0.251,0.686,nan
99,192,truncate,cosine,ip,0.646,0.994,0.994
99,192,truncate,cosine,cosine,0.685,0.994,nan
99,192,center+truncate,ip,ip,0.442,0.923,0.923
99,192,center+truncate,ip,cosine,0.376,0.865,nan
99,192,center+truncate,cosine,ip,0.621,0.984,0.984
99,192,center+truncate,cosine,cosine,0.611,0.957,nan
99,256,truncate,ip,ip,0.42,0.882,0.882
99,256,truncate,ip,cosine,0.309,0.748,nan
99,256,truncate,cosine,ip,0.696,0.999,0.999
99,256,truncate,cosine,cosine,0.735,0.999,nan
99,256,center+truncate,ip,ip,0.464,0.943,0.943
99,256,center+truncate,ip,cosine,0.395,0.877,nan
99,256,center+truncate,cosine,ip,0.662,0.994,0.994
99,256,center+truncate,cosine,cosine,0.639,0.967,nan
99,384,truncate,ip,ip,0.515,0.952,0.952
99,384,truncate,ip,cosine,0.378,0.828,nan
99,384,truncate,cosine,ip,0.736,0.999,0.999
99,384,truncate,cosine,cosine,0.795,1.0,nan
99,384,center+truncate,ip,ip,0.501,0.957,0.957
99,384,center+truncate,ip,cosine,0.428,0.898,nan
99,384,center+truncate,cosine,ip,0.69,0.996,0.996
99,384,center+truncate,cosine,cosine,0.668,0.974,nan
99,512,truncate,ip,ip,0.665,0.995,0.995
99,512,truncate,ip,cosine,0.728,1.0,nan
99,512,truncate,cosine,ip,0.682,0.998,0.998
99,512,truncate,cosine,cosine,0.855,1.0,nan
99,512,center+truncate,ip,ip,0.514,0.968,0.968
99,512,center+truncate,ip,cosine,0.435,0.909,nan
99,512,center+truncate,cosine,ip,0.712,0.997,0.997
99,512,center+truncate,cosine,cosine,0.69,0.974,nan
99,768,truncate,ip,ip,1.0,1.0,1.0
99,768,truncate,ip,cosine,0.724,0.987,nan
99,768,truncate,cosine,ip,0.724,1.0,1.0
99,768,truncate,cosine,cosine,1.0,1.0,nan
99,768,center+truncate,ip,ip,0.514,0.969,0.969
99,768,center+truncate,ip,cosine,0.445,0.918,nan
99,768,center+truncate,cosine,ip,0.737,0.997,0.997
99,768,center+truncate,cosine,cosine,0.714,0.976,nan
1,128,truncate,ip,ip,0.257,0.757,0.757
1,128,truncate,ip,cosine,0.205,0.654,nan
1,128,truncate,cosine,ip,0.58,0.98,0.98
1,128,truncate,cosine,cosine,0.618,0.987,nan
1,128,center+truncate,ip,ip,0.385,0.883,0.883
1,128,center+truncate,ip,cosine,0.34,0.845,nan
1,128,center+truncate,cosine,ip,0.562,0.969,0.969
1,128,center+truncate,cosine,cosine,0.562,0.959,nan
1,192,truncate,ip,ip,0.335,0.824,0.824
1,192,truncate,ip,cosine,0.253,0.701,nan
1,192,truncate,cosine,ip,0.649,0.992,0.992
1,192,truncate,cosine,cosine,0.694,0.999,nan
1,192,center+truncate,ip,ip,0.437,0.915,0.915
1,192,center+truncate,ip,cosine,0.386,0.864,nan
1,192,center+truncate,cosine,ip,0.621,0.989,0.989
1,192,center+truncate,cosine,cosine,0.624,0.974,nan
1,256,truncate,ip,ip,0.402,0.905,0.905
1,256,truncate,ip,cosine,0.302,0.79,nan
1,256,truncate,cosine,ip,0.693,0.998,0.998
1,256,truncate,cosine,cosine,0.753,1.0,nan
1,256,center+truncate,ip,ip,0.458,0.931,0.931
1,256,center+truncate,ip,cosine,0.404,0.883,nan
1,256,center+truncate,cosine,ip,0.65,0.988,0.988
1,256,center+truncate,cosine,cosine,0.648,0.972,nan
1,384,truncate,ip,ip,0.537,0.972,0.972
1,384,truncate,ip,cosine,0.385,0.875,nan
1,384,truncate,cosine,ip,0.738,1.0,1.0
1,384,truncate,cosine,cosine,0.812,1.0,nan
1,384,center+truncate,ip,ip,0.485,0.951,0.951
1,384,center+truncate,ip,cosine,0.417,0.9,nan
1,384,center+truncate,cosine,ip,0.683,0.994,0.994
1,384,center+truncate,cosine,cosine,0.685,0.973,nan
1,512,truncate,ip,ip,0.657,0.995,0.995
1,512,truncate,ip,cosine,0.714,1.0,nan
1,512,truncate,cosine,ip,0.7,0.997,0.997
1,512,truncate,cosine,cosine,0.877,1.0,nan
1,512,center+truncate,ip,ip,0.503,0.956,0.956
1,512,center+truncate,ip,cosine,0.432,0.906,nan
1,512,center+truncate,cosine,ip,0.707,0.995,0.995
1,512,center+truncate,cosine,cosine,0.709,0.975,nan
1,768,truncate,ip,ip,1.0,1.0,1.0
1,768,truncate,ip,cosine,0.743,0.986,nan
1,768,truncate,cosine,ip,0.743,0.999,0.999
1,768,truncate,cosine,cosine,1.0,1.0,nan
1,768,center+truncate,ip,ip,0.525,0.967,0.967
1,768,center+truncate,ip,cosine,0.447,0.922,nan
1,768,center+truncate,cosine,ip,0.743,0.995,0.995
1,768,center+truncate,cosine,cosine,0.725,0.976,nan
2,128,truncate,ip,ip,0.291,0.721,0.721
2,128,truncate,ip,cosine,0.234,0.619,nan
2,128,truncate,cosine,ip,0.59,0.97,0.97
2,128,truncate,cosine,cosine,0.625,0.986,nan
2,128,center+truncate,ip,ip,0.395,0.887,0.887
2,128,center+truncate,ip,cosine,0.362,0.829,nan
2,128,center+truncate,cosine,ip,0.585,0.952,0.952
2,128,center+truncate,cosine,cosine,0.574,0.928,nan
2,192,truncate,ip,ip,0.336,0.795,0.795
2,192,truncate,ip,cosine,0.254,0.669,nan
2,192,truncate,cosine,ip,0.659,0.991,0.991
2,192,truncate,cosine,cosine,0.706,0.996,nan
2,192,center+truncate,ip,ip,0.456,0.904,0.904
2,192,center+truncate,ip,cosine,0.405,0.854,nan
2,192,center+truncate,cosine,ip,0.623,0.968,0.968
2,192,center+truncate,cosine,cosine,0.628,0.949,nan
2,256,truncate,ip,ip,0.419,0.861,0.861
2,256,truncate,ip,cosine,0.32,0.736,nan
2,256,truncate,cosine,ip,0.69,0.996,0.996
2,256,truncate,cosine,cosine,0.739,0.999,nan
2,256,center+truncate,ip,ip,0.468,0.927,0.927
2,256,center+truncate,ip,cosine,0.418,0.866,nan
2,256,center+truncate,cosine,ip,0.652,0.979,0.979
2,256,center+truncate,cosine,cosine,0.651,0.956,nan
2,384,truncate,ip,ip,0.539,0.948,0.948
2,384,truncate,ip,cosine,0.405,0.824,nan
2,384,truncate,cosine,ip,0.735,0.998,0.998
2,384,truncate,cosine,cosine,0.803,1.0,nan
2,384,center+truncate,ip,ip,0.516,0.933,0.933
2,384,center+truncate,ip,cosine,0.456,0.879,nan
2,384,center+truncate,cosine,ip,0.694,0.991,0.991
2,384,center+truncate,cosine,cosine,0.687,0.963,nan
2,512,truncate,ip,ip,0.663,0.985,0.985
2,512,truncate,ip,cosine,0.736,0.999,nan
2,512,truncate,cosine,ip,0.683,0.994,0.994
2,512,truncate,cosine,cosine,0.863,1.0,nan
2,512,center+truncate,ip,ip,0.534,0.95,0.95
2,512,center+truncate,ip,cosine,0.466,0.895,nan
2,512,center+truncate,cosine,ip,0.723,0.993,0.993
2,512,center+truncate,cosine,cosine,0.709,0.967,nan
2,768,truncate,ip,ip,1.0,1.0,1.0
2,768,truncate,ip,cosine,0.731,0.979,nan
2,768,truncate,cosine,ip,0.731,0.999,0.999
2,768,truncate,cosine,cosine,1.0,1.0,nan
2,768,center+truncate,ip,ip,0.537,0.956,0.956
2,768,center+truncate,ip,cosine,0.468,0.899,nan
2,768,center+truncate,cosine,ip,0.74,0.996,0.996
2,768,center+truncate,cosine,cosine,0.721,0.968,nan
3,128,truncate,ip,ip,0.267,0.741,0.741
3,128,truncate,ip,cosine,0.216,0.637,nan
3,128,truncate,cosine,ip,0.595,0.977,0.977
3,128,truncate,cosine,cosine,0.634,0.985,nan
3,128,center+truncate,ip,ip,0.394,0.9,0.9
3,128,center+truncate,ip,cosine,0.354,0.855,nan
3,128,center+truncate,cosine,ip,0.571,0.972,0.972
3,128,center+truncate,cosine,cosine,0.58,0.956,nan
3,192,truncate,ip,ip,0.314,0.811,0.811
3,192,truncate,ip,cosine,0.24,0.694,nan
3,192,truncate,cosine,ip,0.652,0.994,0.994
3,192,truncate,cosine,cosine,0.696,0.993,nan
3,192,center+truncate,ip,ip,0.44,0.927,0.927
3,192,center+truncate,ip,cosine,0.388,0.888,nan
3,192,center+truncate,cosine,ip,0.644,0.982,0.982
3,192,center+truncate,cosine,cosine,0.648,0.974,nan
3,256,truncate,ip,ip,0.395,0.878,0.878
3,256,truncate,ip,cosine,0.304,0.755,nan
3,256,truncate,cosine,ip,0.704,1.0,1.0
3,256,truncate,cosine,cosine,0.732,0.997,nan
3,256,center+truncate,ip,ip,0.471,0.938,0.938
3,256,center+truncate,ip,cosine,0.415,0.902,nan
3,256,center+truncate,cosine,ip,0.666,0.989,0.989
3,256,center+truncate,cosine,cosine,0.666,0.976,nan
3,384,truncate,ip,ip,0.531,0.946,0.946
3,384,truncate,ip,cosine,0.405,0.834,nan
3,384,truncate,cosine,ip,0.736,1.0,1.0
3,384,truncate,cosine,cosine,0.792,1.0,nan
3,384,center+truncate,ip,ip,0.492,0.951,0.951
3,384,center+truncate,ip,cosine,0.433,0.902,nan
3,384,center+truncate,cosine,ip,0.705,0.996,0.996
3,384,center+truncate,cosine,cosine,0.694,0.982,nan
3,512,truncate,ip,ip,0.675,0.997,0.997
3,512,truncate,ip,cosine,0.738,1.0,nan
3,512,truncate,cosine,ip,0.715,0.999,0.999
3,512,truncate,cosine,cosine,0.894,1.0,nan
3,512,center+truncate,ip,ip,0.521,0.96,0.96
3,512,center+truncate,ip,cosine,0.449,0.911,nan
3,512,center+truncate,cosine,ip,0.733,0.995,0.995
3,512,center+truncate,cosine,cosine,0.72,0.987,nan
3,768,truncate,ip,ip,1.0,1.0,1.0
3,768,truncate,ip,cosine,0.752,0.995,nan
3,768,truncate,cosine,ip,0.752,1.0,1.0
3,768,truncate,cosine,cosine,1.0,1.0,nan
3,768,center+truncate,ip,ip,0.517,0.964,0.964
3,768,center+truncate,ip,cosine,0.454,0.914,nan
3,768,center+truncate,cosine,ip,0.734,0.997,0.997
3,768,center+truncate,cosine,cosine,0.735,0.987,nan
4,128,truncate,ip,ip,0.328,0.769,0.769
4,128,truncate,ip,cosine,0.27,0.665,nan
4,128,truncate,cosine,ip,0.636,0.987,0.987
4,128,truncate,cosine,cosine,0.67,0.993,nan
4,128,center+truncate,ip,ip,0.418,0.897,0.897
4,128,center+truncate,ip,cosine,0.374,0.859,nan
4,128,center+truncate,cosine,ip,0.609,0.971,0.971
4,128,center+truncate,cosine,cosine,0.605,0.961,nan
4,192,truncate,ip,ip,0.356,0.827,0.827
4,192,truncate,ip,cosine,0.277,0.71,nan
4,192,truncate,cosine,ip,0.705,0.997,0.997
4,192,truncate,cosine,cosine,0.747,0.999,nan
4,192,center+truncate,ip,ip,0.465,0.926,0.926
4,192,center+truncate,ip,cosine,0.407,0.88,nan
4,192,center+truncate,cosine,ip,0.681,0.982,0.982
4,192,center+truncate,cosine,cosine,0.669,0.969,nan
4,256,truncate,ip,ip,0.432,0.883,0.883
4,256,truncate,ip,cosine,0.341,0.777,nan
4,256,truncate,cosine,ip,0.736,0.998,0.998
4,256,truncate,cosine,cosine,0.794,1.0,nan
4,256,center+truncate,ip,ip,0.47,0.937,0.937
4,256,center+truncate,ip,cosine,0.423,0.89,nan
4,256,center+truncate,cosine,ip,0.686,0.987,0.987
4,256,center+truncate,cosine,cosine,0.682,0.97,nan
4,384,truncate,ip,ip,0.544,0.952,0.952
4,384,truncate,ip,cosine,0.427,0.858,nan
4,384,truncate,cosine,ip,0.775,1.0,1.0
4,384,truncate,cosine,cosine,0.838,1.0,nan
4,384,center+truncate,ip,ip,0.485,0.949,0.949
4,384,center+truncate,ip,cosine,0.435,0.91,nan
4,384,center+truncate,cosine,ip,0.722,0.993,0.993
4,384,center+truncate,cosine,cosine,0.719,0.977,nan
4,512,truncate,ip,ip,0.702,0.998,0.998
4,512,truncate,ip,cosine,0.738,1.0,nan
4,512,truncate,cosine,ip,0.743,0.999,0.999
4,512,truncate,cosine,cosine,0.882,1.0,nan
4,512,center+truncate,ip,ip,0.509,0.963,0.963
4,512,center+truncate,ip,cosine,0.452,0.92,nan
4,512,center+truncate,cosine,ip,0.742,0.996,0.996
4,512,center+truncate,cosine,cosine,0.733,0.977,nan
4,768,truncate,ip,ip,1.0,1.0,1.0
4,768,truncate,ip,cosine,0.77,0.987,nan
4,768,truncate,cosine,ip,0.77,0.999,0.999
4,768,truncate,cosine,cosine,1.0,1.0,nan
4,768,center+truncate,ip,ip,0.527,0.961,0.961
4,768,center+truncate,ip,cosine,0.471,0.918,nan
4,768,center+truncate,cosine,ip,0.768,0.993,0.993
4,768,center+truncate,cosine,cosine,0.762,0.98,nan
5,128,truncate,ip,ip,0.275,0.734,0.734
5,128,truncate,ip,cosine,0.216,0.636,nan
5,128,truncate,cosine,ip,0.59,0.975,0.975
5,128,truncate,cosine,cosine,0.617,0.984,nan
5,128,center+truncate,ip,ip,0.408,0.88,0.88
5,128,center+truncate,ip,cosine,0.348,0.832,nan
5,128,center+truncate,cosine,ip,0.581,0.955,0.955
5,128,center+truncate,cosine,cosine,0.554,0.936,nan
5,192,truncate,ip,ip,0.336,0.822,0.822
5,192,truncate,ip,cosine,0.25,0.694,nan
5,192,truncate,cosine,ip,0.652,0.995,0.995
5,192,truncate,cosine,cosine,0.684,0.995,nan
5,192,center+truncate,ip,ip,0.457,0.922,0.922
5,192,center+truncate,ip,cosine,0.392,0.863,nan
5,192,center+truncate,cosine,ip,0.63,0.971,0.971
5,192,center+truncate,cosine,cosine,0.608,0.954,nan
5,256,truncate,ip,ip,0.412,0.898,0.898
5,256,truncate,ip,cosine,0.313,0.771,nan
5,256,truncate,cosine,ip,0.695,0.998,0.998
5,256,truncate,cosine,cosine,0.734,0.999,nan
5,256,center+truncate,ip,ip,0.487,0.93,0.93
5,256,center+truncate,ip,cosine,0.419,0.876,nan
5,256,center+truncate,cosine,ip,0.656,0.987,0.987
5,256,center+truncate,cosine,cosine,0.627,0.965,nan
5,384,truncate,ip,ip,0.543,0.965,0.965
5,384,truncate,ip,cosine,0.401,0.856,nan
5,384,truncate,cosine,ip,0.754,1.0,1.0
5,384,truncate,cosine,cosine,0.795,1.0,nan
5,384,center+truncate,ip,ip,0.497,0.952,0.952
5,384,center+truncate,ip,cosine,0.435,0.893,nan
5,384,center+truncate,cosine,ip,0.689,0.995,0.995
5,384,center+truncate,cosine,cosine,0.669,0.968,nan
5,512,truncate,ip,ip,0.661,0.996,0.996
5,512,truncate,ip,cosine,0.733,1.0,nan
5,512,truncate,cosine,ip,0.696,0.998,0.998
5,512,truncate,cosine,cosine,0.859,1.0,nan
5,512,center+truncate,ip,ip,0.509,0.959,0.959
5,512,center+truncate,ip,cosine,0.448,0.901,nan
5,512,center+truncate,cosine,ip,0.708,0.996,0.996
5,512,center+truncate,cosine,cosine,0.696,0.969,nan
5,768,truncate,ip,ip,1.0,1.0,1.0
5,768,truncate,ip,cosine,0.735,0.989,nan
5,768,truncate,cosine,ip,0.735,1.0,1.0
5,768,truncate,cosine,cosine,1.0,1.0,nan
5,768,center+truncate,ip,ip,0.538,0.959,0.959
5,768,center+truncate,ip,cosine,0.466,0.905,nan
5,768,center+truncate,cosine,ip,0.726,0.997,0.997
5,768,center+truncate,cosine,cosine,0.721,0.974,nan
6,128,truncate,ip,ip,0.289,0.756,0.756
6,128,truncate,ip,cosine,0.226,0.645,nan
6,128,truncate,cosine,ip,0.573,0.989,0.989
6,128,truncate,cosine,cosine,0.62,0.989,nan
6,128,center+truncate,ip,ip,0.387,0.865,0.865
6,128,center+truncate,ip,cosine,0.357,0.819,nan
6,128,center+truncate,cosine,ip,0.552,0.966,0.966
6,128,center+truncate,cosine,cosine,0.552,0.935,nan
6,192,truncate,ip,ip,0.347,0.839,0.839
6,192,truncate,ip,cosine,0.256,0.708,nan
6,192,truncate,cosine,ip,0.647,0.996,0.996
6,192,truncate,cosine,cosine,0.689,0.997,nan
6,192,center+truncate,ip,ip,0.423,0.901,0.901
6,192,center+truncate,ip,cosine,0.39,0.847,nan
6,192,center+truncate,cosine,ip,0.604,0.979,0.979
6,192,center+truncate,cosine,cosine,0.602,0.95,nan
6,256,truncate,ip,ip,0.417,0.898,0.898
6,256,truncate,ip,cosine,0.31,0.778,nan
6,256,truncate,cosine,ip,0.699,0.998,0.998
6,256,truncate,cosine,cosine,0.744,0.998,nan
6,256,center+truncate,ip,ip,0.453,0.932,0.932
6,256,center+truncate,ip,cosine,0.414,0.873,nan
6,256,center+truncate,cosine,ip,0.638,0.982,0.982
6,256,center+truncate,cosine,cosine,0.649,0.957,nan
6,384,truncate,ip,ip,0.534,0.966,0.966
6,384,truncate,ip,cosine,0.388,0.867,nan
6,384,truncate,cosine,ip,0.746,1.0,1.0
6,384,truncate,cosine,cosine,0.815,1.0,nan
6,384,center+truncate,ip,ip,0.497,0.947,0.947
6,384,center+truncate,ip,cosine,0.446,0.891,nan
6,384,center+truncate,cosine,ip,0.688,0.991,0.991
6,384,center+truncate,cosine,cosine,0.692,0.962,nan
6,512,truncate,ip,ip,0.649,0.995,0.995
6,512,truncate,ip,cosine,0.714,0.999,nan
6,512,truncate,cosine,ip,0.712,0.995,0.995
6,512,truncate,cosine,cosine,0.877,1.0,nan
6,512,center+truncate,ip,ip,0.519,0.951,0.951
6,512,center+truncate,ip,cosine,0.457,0.901,nan
6,512,center+truncate,cosine,ip,0.719,0.995,0.995
6,512,center+truncate,cosine,cosine,0.708,0.964,nan
6,768,truncate,ip,ip,1.0,1.0,1.0
6,768,truncate,ip,cosine,0.745,0.99,nan
6,768,truncate,cosine,ip,0.745,0.995,0.995
6,768,truncate,cosine,cosine,1.0,1.0,nan
6,768,center+truncate,ip,ip,0.514,0.951,0.951
6,768,center+truncate,ip,cosine,0.464,0.897,nan
6,768,center+truncate,cosine,ip,0.732,0.996,0.996
6,768,center+truncate,cosine,cosine,0.727,0.969,nan
7,128,truncate,ip,ip,0.294,0.738,0.738
7,128,truncate,ip,cosine,0.225,0.642,nan
7,128,truncate,cosine,ip,0.619,0.985,0.985
7,128,truncate,cosine,cosine,0.662,0.995,nan
7,128,center+truncate,ip,ip,0.408,0.909,0.909
7,128,center+truncate,ip,cosine,0.378,0.855,nan
7,128,center+truncate,cosine,ip,0.598,0.97,0.97
7,128,center+truncate,cosine,cosine,0.614,0.958,nan
7,192,truncate,ip,ip,0.33,0.789,0.789
7,192,truncate,ip,cosine,0.248,0.666,nan
7,192,truncate,cosine,ip,0.673,0.996,0.996
7,192,truncate,cosine,cosine,0.726,0.999,nan
7,192,center+truncate,ip,ip,0.46,0.926,0.926
7,192,center+truncate,ip,cosine,0.415,0.872,nan
7,192,center+truncate,cosine,ip,0.654,0.984,0.984
7,192,center+truncate,cosine,cosine,0.661,0.972,nan
7,256,truncate,ip,ip,0.406,0.89,0.89
7,256,truncate,ip,cosine,0.302,0.772,nan
7,256,truncate,cosine,ip,0.713,1.0,1.0
7,256,truncate,cosine,cosine,0.769,0.999,nan
7,256,center+truncate,ip,ip,0.485,0.946,0.946
7,256,center+truncate,ip,cosine,0.429,0.9,nan
7,256,center+truncate,cosine,ip,0.678,0.99,0.99
7,256,center+truncate,cosine,cosine,0.684,0.978,nan
7,384,truncate,ip,ip,0.533,0.946,0.946
7,384,truncate,ip,cosine,0.404,0.854,nan
7,384,truncate,cosine,ip,0.754,1.0,1.0
7,384,truncate,cosine,cosine,0.828,1.0,nan
7,384,center+truncate,ip,ip,0.507,0.956,0.956
7,384,center+truncate,ip,cosine,0.46,0.911,nan
7,384,center+truncate,cosine,ip,0.706,0.996,0.996
7,384,center+truncate,cosine,cosine,0.716,0.984,nan
7,512,truncate,ip,ip,0.681,0.997,0.997
7,512,truncate,ip,cosine,0.758,1.0,nan
7,512,truncate,cosine,ip,0.721,1.0,1.0
7,512,truncate,cosine,cosine,0.903,1.0,nan
7,512,center+truncate,ip,ip,0.54,0.969,0.969
7,512,center+truncate,ip,cosine,0.483,0.928,nan
7,512,center+truncate,cosine,ip,0.727,0.998,0.998
7,512,center+truncate,cosine,cosine,0.736,0.989,nan
7,768,truncate,ip,ip,1.0,1.0,1.0
7,768,truncate,ip,cosine,0.758,0.993,nan
7,768,truncate,cosine,ip,0.758,1.0,1.0
7,768,truncate,cosine,cosine,1.0,1.0,nan
7,768,center+truncate,ip,ip,0.556,0.969,0.969
7,768,center+truncate,ip,cosine,0.491,0.921,nan
7,768,center+truncate,cosine,ip,0.748,0.998,0.998
7,768,center+truncate,cosine,cosine,0.749,0.99,nan
